Platform,BaseImage,PythonVersion,Compiler,CompilerOption,SanLinksMethod,LDPreloadMode,BuildOption,Result,script_name,ClangHWasanAdditionalOption
amd64,fedora,3.12.4,gcc,none,none,disabled,debug,Tests. Passed,build_001.sh,none
amd64,fedora,3.12.4,gcc,none,none,disabled,default,Tests. Passed,build_002.sh,none
amd64,fedora,3.12.4,gcc,none,none,disabled,release,Tests. Passed,build_003.sh,none
amd64,fedora,3.12.4,gcc,asan,shared,enabled,debug,Tests. Timeout,build_004.sh,none
amd64,fedora,3.12.4,gcc,asan,shared,enabled,default,Tests. Timeout,build_005.sh,none
amd64,fedora,3.12.4,gcc,asan,shared,enabled,release,Tests. Timeout,build_006.sh,none
amd64,fedora,3.12.4,gcc,asan,shared,disabled,debug,Tests. Passed,build_007.sh,none
amd64,fedora,3.12.4,gcc,asan,shared,disabled,default,Tests. Timeout,build_008.sh,none
amd64,fedora,3.12.4,gcc,asan,shared,disabled,release,Tests. Timeout,build_009.sh,none
amd64,fedora,3.12.4,gcc,asan,static,enabled,debug,Configure. Failed,build_010.sh,none
amd64,fedora,3.12.4,gcc,asan,static,enabled,default,Configure. Failed,build_011.sh,none
amd64,fedora,3.12.4,gcc,asan,static,enabled,release,Configure. Failed,build_012.sh,none
amd64,fedora,3.12.4,gcc,asan,static,disabled,debug,Configure. Failed,build_013.sh,none
amd64,fedora,3.12.4,gcc,asan,static,disabled,default,Configure. Failed,build_014.sh,none
amd64,fedora,3.12.4,gcc,asan,static,disabled,release,Configure. Failed,build_015.sh,none
amd64,fedora,3.12.4,gcc,tsan,shared,disabled,debug,Configure. Failed,build_016.sh,none
amd64,fedora,3.12.4,gcc,tsan,shared,disabled,default,Configure. Failed,build_017.sh,none
amd64,fedora,3.12.4,gcc,tsan,shared,disabled,release,Configure. Failed,build_018.sh,none
amd64,fedora,3.12.4,gcc,tsan,static,disabled,debug,Configure. Failed,build_019.sh,none
amd64,fedora,3.12.4,gcc,tsan,static,disabled,default,Configure. Failed,build_020.sh,none
amd64,fedora,3.12.4,gcc,tsan,static,disabled,release,Configure. Failed,build_021.sh,none
amd64,fedora,3.12.4,clang,none,none,disabled,debug,Tests. Failed,build_022.sh,none
amd64,fedora,3.12.4,clang,none,none,disabled,default,Tests. Failed,build_023.sh,none
amd64,fedora,3.12.4,clang,none,none,disabled,release,Tests. Failed,build_024.sh,none
amd64,fedora,3.12.4,clang,asan,shared,enabled,debug,Tests. Failed,build_025.sh,none
amd64,fedora,3.12.4,clang,asan,shared,enabled,default,Tests. Failed,build_026.sh,none
amd64,fedora,3.12.4,clang,asan,shared,enabled,release,Tests. Failed,build_027.sh,none
amd64,fedora,3.12.4,clang,asan,shared,disabled,debug,Configure. Failed,build_028.sh,none
amd64,fedora,3.12.4,clang,asan,shared,disabled,default,Configure. Failed,build_029.sh,none
amd64,fedora,3.12.4,clang,asan,shared,disabled,release,Configure. Failed,build_030.sh,none
amd64,fedora,3.12.4,clang,asan,static,enabled,debug,Configure. Failed,build_031.sh,none
amd64,fedora,3.12.4,clang,asan,static,enabled,default,Configure. Failed,build_032.sh,none
amd64,fedora,3.12.4,clang,asan,static,enabled,release,Configure. Failed,build_033.sh,none
amd64,fedora,3.12.4,clang,asan,static,disabled,debug,Tests. Failed,build_034.sh,none
amd64,fedora,3.12.4,clang,asan,static,disabled,default,Tests. Failed,build_035.sh,none
amd64,fedora,3.12.4,clang,asan,static,disabled,release,Tests. Failed,build_036.sh,none
amd64,fedora,3.12.4,clang,tsan,shared,disabled,debug,Configure. Failed,build_037.sh,none
amd64,fedora,3.12.4,clang,tsan,shared,disabled,default,Configure. Failed,build_038.sh,none
amd64,fedora,3.12.4,clang,tsan,shared,disabled,release,Configure. Failed,build_039.sh,none
amd64,fedora,3.12.4,clang,tsan,static,disabled,debug,Tests. Failed,build_040.sh,none
amd64,fedora,3.12.4,clang,tsan,static,disabled,default,Tests. Failed,build_041.sh,none
amd64,fedora,3.12.4,clang,tsan,static,disabled,release,Tests. Failed,build_042.sh,none
amd64,fedora,3.13.0b4,gcc,none,none,disabled,debug,Tests. Aborted,build_043.sh,none
amd64,fedora,3.13.0b4,gcc,none,none,disabled,default,Tests. Passed,build_044.sh,none
amd64,fedora,3.13.0b4,gcc,none,none,disabled,release,Tests. Passed,build_045.sh,none
amd64,fedora,3.13.0b4,gcc,none,none,disabled,without_gil,Tests. Passed,build_046.sh,none
amd64,fedora,3.13.0b4,gcc,asan,shared,enabled,debug,Tests. Aborted,build_047.sh,none
amd64,fedora,3.13.0b4,gcc,asan,shared,enabled,default,Tests. Passed,build_048.sh,none
amd64,fedora,3.13.0b4,gcc,asan,shared,enabled,release,Tests. Passed,build_049.sh,none
amd64,fedora,3.13.0b4,gcc,asan,shared,enabled,without_gil,Tests. Passed,build_050.sh,none
amd64,fedora,3.13.0b4,gcc,asan,shared,disabled,debug,Tests. Aborted,build_051.sh,none
amd64,fedora,3.13.0b4,gcc,asan,shared,disabled,default,Tests. Passed,build_052.sh,none
amd64,fedora,3.13.0b4,gcc,asan,shared,disabled,release,Tests. Passed,build_053.sh,none
amd64,fedora,3.13.0b4,gcc,asan,shared,disabled,without_gil,Tests. Failed,build_054.sh,none
amd64,fedora,3.13.0b4,gcc,asan,static,enabled,debug,Configure. Failed,build_055.sh,none
amd64,fedora,3.13.0b4,gcc,asan,static,enabled,default,Configure. Failed,build_056.sh,none
amd64,fedora,3.13.0b4,gcc,asan,static,enabled,release,Configure. Failed,build_057.sh,none
amd64,fedora,3.13.0b4,gcc,asan,static,enabled,without_gil,Configure. Failed,build_058.sh,none
amd64,fedora,3.13.0b4,gcc,asan,static,disabled,debug,Configure. Failed,build_059.sh,none
amd64,fedora,3.13.0b4,gcc,asan,static,disabled,default,Configure. Failed,build_060.sh,none
amd64,fedora,3.13.0b4,gcc,asan,static,disabled,release,Configure. Failed,build_061.sh,none
amd64,fedora,3.13.0b4,gcc,asan,static,disabled,without_gil,Configure. Failed,build_062.sh,none
amd64,fedora,3.13.0b4,gcc,tsan,shared,disabled,debug,Configure. Failed,build_063.sh,none
amd64,fedora,3.13.0b4,gcc,tsan,shared,disabled,default,Configure. Failed,build_064.sh,none
amd64,fedora,3.13.0b4,gcc,tsan,shared,disabled,release,Configure. Failed,build_065.sh,none
amd64,fedora,3.13.0b4,gcc,tsan,shared,disabled,without_gil,Configure. Failed,build_066.sh,none
amd64,fedora,3.13.0b4,gcc,tsan,static,disabled,debug,Configure. Failed,build_067.sh,none
amd64,fedora,3.13.0b4,gcc,tsan,static,disabled,default,Configure. Failed,build_068.sh,none
amd64,fedora,3.13.0b4,gcc,tsan,static,disabled,release,Configure. Failed,build_069.sh,none
amd64,fedora,3.13.0b4,gcc,tsan,static,disabled,without_gil,Configure. Failed,build_070.sh,none
amd64,fedora,3.13.0b4,clang,none,none,disabled,debug,Tests. Aborted,build_071.sh,none
amd64,fedora,3.13.0b4,clang,none,none,disabled,default,Tests. Failed,build_072.sh,none
amd64,fedora,3.13.0b4,clang,none,none,disabled,release,Tests. Passed,build_073.sh,none
amd64,fedora,3.13.0b4,clang,none,none,disabled,without_gil,Tests. Failed,build_074.sh,none
amd64,fedora,3.13.0b4,clang,asan,shared,enabled,debug,Tests. Aborted,build_075.sh,none
amd64,fedora,3.13.0b4,clang,asan,shared,enabled,default,Tests. Failed,build_076.sh,none
amd64,fedora,3.13.0b4,clang,asan,shared,enabled,release,Tests. Failed,build_077.sh,none
amd64,fedora,3.13.0b4,clang,asan,shared,enabled,without_gil,Tests. Failed,build_078.sh,none
amd64,fedora,3.13.0b4,clang,asan,shared,disabled,debug,Configure. Failed,build_079.sh,none
amd64,fedora,3.13.0b4,clang,asan,shared,disabled,default,Configure. Failed,build_080.sh,none
amd64,fedora,3.13.0b4,clang,asan,shared,disabled,release,Configure. Failed,build_081.sh,none
amd64,fedora,3.13.0b4,clang,asan,shared,disabled,without_gil,Configure. Failed,build_082.sh,none
amd64,fedora,3.13.0b4,clang,asan,static,enabled,debug,Configure. Failed,build_083.sh,none
amd64,fedora,3.13.0b4,clang,asan,static,enabled,default,Configure. Failed,build_084.sh,none
amd64,fedora,3.13.0b4,clang,asan,static,enabled,release,Configure. Failed,build_085.sh,none
amd64,fedora,3.13.0b4,clang,asan,static,enabled,without_gil,Configure. Failed,build_086.sh,none
amd64,fedora,3.13.0b4,clang,asan,static,disabled,debug,Tests. Aborted,build_087.sh,none
amd64,fedora,3.13.0b4,clang,asan,static,disabled,default,Tests. Failed,build_088.sh,none
amd64,fedora,3.13.0b4,clang,asan,static,disabled,release,Tests. Failed,build_089.sh,none
amd64,fedora,3.13.0b4,clang,asan,static,disabled,without_gil,Tests. Failed,build_090.sh,none
amd64,fedora,3.13.0b4,clang,tsan,shared,disabled,debug,Configure. Failed,build_091.sh,none
amd64,fedora,3.13.0b4,clang,tsan,shared,disabled,default,Configure. Failed,build_092.sh,none
amd64,fedora,3.13.0b4,clang,tsan,shared,disabled,release,Configure. Failed,build_093.sh,none
amd64,fedora,3.13.0b4,clang,tsan,shared,disabled,without_gil,Configure. Failed,build_094.sh,none
amd64,fedora,3.13.0b4,clang,tsan,static,disabled,debug,Tests. OOM,build_095.sh,none
amd64,fedora,3.13.0b4,clang,tsan,static,disabled,default,Tests. OOM,build_096.sh,none
amd64,fedora,3.13.0b4,clang,tsan,static,disabled,release,Tests. OOM,build_097.sh,none
amd64,fedora,3.13.0b4,clang,tsan,static,disabled,without_gil,Tests. Timeout,build_098.sh,none
amd64,ubuntu,3.12.4,gcc,none,none,disabled,debug,Tests. Passed,build_099.sh,none
amd64,ubuntu,3.12.4,gcc,none,none,disabled,default,Tests. Passed,build_100.sh,none
amd64,ubuntu,3.12.4,gcc,none,none,disabled,release,Tests. Passed,build_101.sh,none
amd64,ubuntu,3.12.4,gcc,asan,shared,enabled,debug,Tests. Timeout,build_102.sh,none
amd64,ubuntu,3.12.4,gcc,asan,shared,enabled,default,Tests. Timeout,build_103.sh,none
amd64,ubuntu,3.12.4,gcc,asan,shared,enabled,release,Tests. Timeout,build_104.sh,none
amd64,ubuntu,3.12.4,gcc,asan,shared,disabled,debug,Tests. Timeout,build_105.sh,none
amd64,ubuntu,3.12.4,gcc,asan,shared,disabled,default,Tests. Timeout,build_106.sh,none
amd64,ubuntu,3.12.4,gcc,asan,shared,disabled,release,Tests. Timeout,build_107.sh,none
amd64,ubuntu,3.12.4,gcc,asan,static,enabled,debug,Configure. Failed,build_108.sh,none
amd64,ubuntu,3.12.4,gcc,asan,static,enabled,default,Configure. Failed,build_109.sh,none
amd64,ubuntu,3.12.4,gcc,asan,static,enabled,release,Configure. Failed,build_110.sh,none
amd64,ubuntu,3.12.4,gcc,asan,static,disabled,debug,Tests. Timeout,build_111.sh,none
amd64,ubuntu,3.12.4,gcc,asan,static,disabled,default,Tests. Timeout,build_112.sh,none
amd64,ubuntu,3.12.4,gcc,asan,static,disabled,release,Tests. Timeout,build_113.sh,none
amd64,ubuntu,3.12.4,gcc,tsan,shared,disabled,debug,Tests. Timeout,build_114.sh,none
amd64,ubuntu,3.12.4,gcc,tsan,shared,disabled,default,Tests. Timeout,build_115.sh,none
amd64,ubuntu,3.12.4,gcc,tsan,shared,disabled,release,Tests. Timeout,build_116.sh,none
amd64,ubuntu,3.12.4,gcc,tsan,static,disabled,debug,Tests. Timeout,build_117.sh,none
amd64,ubuntu,3.12.4,gcc,tsan,static,disabled,default,Tests. Timeout,build_118.sh,none
amd64,ubuntu,3.12.4,gcc,tsan,static,disabled,release,Tests. Timeout,build_119.sh,none
amd64,ubuntu,3.12.4,clang,none,none,disabled,debug,Tests. Failed,build_120.sh,none
amd64,ubuntu,3.12.4,clang,none,none,disabled,default,Tests. Failed,build_121.sh,none
amd64,ubuntu,3.12.4,clang,none,none,disabled,release,Tests. Failed,build_122.sh,none
amd64,ubuntu,3.12.4,clang,asan,shared,enabled,debug,Tests. Failed,build_123.sh,none
amd64,ubuntu,3.12.4,clang,asan,shared,enabled,default,Tests. Failed,build_124.sh,none
amd64,ubuntu,3.12.4,clang,asan,shared,enabled,release,Tests. Failed,build_125.sh,none
amd64,ubuntu,3.12.4,clang,asan,shared,disabled,debug,Configure. Failed,build_126.sh,none
amd64,ubuntu,3.12.4,clang,asan,shared,disabled,default,Configure. Failed,build_127.sh,none
amd64,ubuntu,3.12.4,clang,asan,shared,disabled,release,Configure. Failed,build_128.sh,none
amd64,ubuntu,3.12.4,clang,asan,static,enabled,debug,Configure. Failed,build_129.sh,none
amd64,ubuntu,3.12.4,clang,asan,static,enabled,default,Configure. Failed,build_130.sh,none
amd64,ubuntu,3.12.4,clang,asan,static,enabled,release,Configure. Failed,build_131.sh,none
amd64,ubuntu,3.12.4,clang,asan,static,disabled,debug,Tests. Failed,build_132.sh,none
amd64,ubuntu,3.12.4,clang,asan,static,disabled,default,Tests. Failed,build_133.sh,none
amd64,ubuntu,3.12.4,clang,asan,static,disabled,release,Tests. Failed,build_134.sh,none
amd64,ubuntu,3.12.4,clang,tsan,shared,disabled,debug,Configure. Failed,build_135.sh,none
amd64,ubuntu,3.12.4,clang,tsan,shared,disabled,default,Configure. Failed,build_136.sh,none
amd64,ubuntu,3.12.4,clang,tsan,shared,disabled,release,Configure. Failed,build_137.sh,none
amd64,ubuntu,3.12.4,clang,tsan,static,disabled,debug,Tests. Failed,build_138.sh,none
amd64,ubuntu,3.12.4,clang,tsan,static,disabled,default,Tests. Failed,build_139.sh,none
amd64,ubuntu,3.12.4,clang,tsan,static,disabled,release,Tests. Failed,build_140.sh,none
amd64,ubuntu,3.12.4,clang_sh_19,none,none,disabled,debug,Tests. Failed,build_141.sh,none
amd64,ubuntu,3.12.4,clang_sh_19,none,none,disabled,default,Tests. Failed,build_142.sh,none
amd64,ubuntu,3.12.4,clang_sh_19,none,none,disabled,release,Configure. Failed,build_143.sh,none
amd64,ubuntu,3.12.4,clang_sh_19,asan,shared,enabled,debug,Tests. Failed,build_144.sh,none
amd64,ubuntu,3.12.4,clang_sh_19,asan,shared,enabled,default,Tests. Failed,build_145.sh,none
amd64,ubuntu,3.12.4,clang_sh_19,asan,shared,enabled,release,Configure. Failed,build_146.sh,none
amd64,ubuntu,3.12.4,clang_sh_19,asan,shared,disabled,debug,Configure. Failed,build_147.sh,none
amd64,ubuntu,3.12.4,clang_sh_19,asan,shared,disabled,default,Configure. Failed,build_148.sh,none
amd64,ubuntu,3.12.4,clang_sh_19,asan,shared,disabled,release,Configure. Failed,build_149.sh,none
amd64,ubuntu,3.12.4,clang_sh_19,asan,static,enabled,debug,Configure. Failed,build_150.sh,none
amd64,ubuntu,3.12.4,clang_sh_19,asan,static,enabled,default,Configure. Failed,build_151.sh,none
amd64,ubuntu,3.12.4,clang_sh_19,asan,static,enabled,release,Configure. Failed,build_152.sh,none
amd64,ubuntu,3.12.4,clang_sh_19,asan,static,disabled,debug,Tests. Failed,build_153.sh,none
amd64,ubuntu,3.12.4,clang_sh_19,asan,static,disabled,default,Tests. Failed,build_154.sh,none
amd64,ubuntu,3.12.4,clang_sh_19,asan,static,disabled,release,Configure. Failed,build_155.sh,none
amd64,ubuntu,3.12.4,clang_sh_19,tsan,shared,disabled,debug,Configure. Failed,build_156.sh,none
amd64,ubuntu,3.12.4,clang_sh_19,tsan,shared,disabled,default,Configure. Failed,build_157.sh,none
amd64,ubuntu,3.12.4,clang_sh_19,tsan,shared,disabled,release,Configure. Failed,build_158.sh,none
amd64,ubuntu,3.12.4,clang_sh_19,tsan,static,disabled,debug,Tests. Failed,build_159.sh,none
amd64,ubuntu,3.12.4,clang_sh_19,tsan,static,disabled,default,Tests. Failed,build_160.sh,none
amd64,ubuntu,3.12.4,clang_sh_19,tsan,static,disabled,release,Configure. Failed,build_161.sh,none
amd64,ubuntu,3.13.0b4,gcc,none,none,disabled,debug,Tests. Aborted,build_162.sh,none
amd64,ubuntu,3.13.0b4,gcc,none,none,disabled,default,Tests. Passed,build_163.sh,none
amd64,ubuntu,3.13.0b4,gcc,none,none,disabled,release,Tests. Passed,build_164.sh,none
amd64,ubuntu,3.13.0b4,gcc,none,none,disabled,without_gil,Tests. Passed,build_165.sh,none
amd64,ubuntu,3.13.0b4,gcc,asan,shared,enabled,debug,Tests. Aborted,build_166.sh,none
amd64,ubuntu,3.13.0b4,gcc,asan,shared,enabled,default,Tests. Passed,build_167.sh,none
amd64,ubuntu,3.13.0b4,gcc,asan,shared,enabled,release,Tests. Passed,build_168.sh,none
amd64,ubuntu,3.13.0b4,gcc,asan,shared,enabled,without_gil,Tests. Passed,build_169.sh,none
amd64,ubuntu,3.13.0b4,gcc,asan,shared,disabled,debug,Tests. Aborted,build_170.sh,none
amd64,ubuntu,3.13.0b4,gcc,asan,shared,disabled,default,Tests. Passed,build_171.sh,none
amd64,ubuntu,3.13.0b4,gcc,asan,shared,disabled,release,Tests. Passed,build_172.sh,none
amd64,ubuntu,3.13.0b4,gcc,asan,shared,disabled,without_gil,Tests. Passed,build_173.sh,none
amd64,ubuntu,3.13.0b4,gcc,asan,static,enabled,debug,Configure. Failed,build_174.sh,none
amd64,ubuntu,3.13.0b4,gcc,asan,static,enabled,default,Configure. Failed,build_175.sh,none
amd64,ubuntu,3.13.0b4,gcc,asan,static,enabled,release,Configure. Failed,build_176.sh,none
amd64,ubuntu,3.13.0b4,gcc,asan,static,enabled,without_gil,Configure. Failed,build_177.sh,none
amd64,ubuntu,3.13.0b4,gcc,asan,static,disabled,debug,Tests. Aborted,build_178.sh,none
amd64,ubuntu,3.13.0b4,gcc,asan,static,disabled,default,Tests. Passed,build_179.sh,none
amd64,ubuntu,3.13.0b4,gcc,asan,static,disabled,release,Tests. Passed,build_180.sh,none
amd64,ubuntu,3.13.0b4,gcc,asan,static,disabled,without_gil,Tests. Passed,build_181.sh,none
amd64,ubuntu,3.13.0b4,gcc,tsan,shared,disabled,debug,Tests. OOM,build_182.sh,none
amd64,ubuntu,3.13.0b4,gcc,tsan,shared,disabled,default,Tests. OOM,build_183.sh,none
amd64,ubuntu,3.13.0b4,gcc,tsan,shared,disabled,release,Tests. Failed,build_184.sh,none
amd64,ubuntu,3.13.0b4,gcc,tsan,shared,disabled,without_gil,Tests. Timeout,build_185.sh,none
amd64,ubuntu,3.13.0b4,gcc,tsan,static,disabled,debug,Tests. OOM,build_186.sh,none
amd64,ubuntu,3.13.0b4,gcc,tsan,static,disabled,default,Tests. OOM,build_187.sh,none
amd64,ubuntu,3.13.0b4,gcc,tsan,static,disabled,release,Tests. Failed,build_188.sh,none
amd64,ubuntu,3.13.0b4,gcc,tsan,static,disabled,without_gil,Tests. Timeout,build_189.sh,none
amd64,ubuntu,3.13.0b4,clang,none,none,disabled,debug,Tests. Aborted,build_190.sh,none
amd64,ubuntu,3.13.0b4,clang,none,none,disabled,default,Tests. Failed,build_191.sh,none
amd64,ubuntu,3.13.0b4,clang,none,none,disabled,release,Tests. Failed,build_192.sh,none
amd64,ubuntu,3.13.0b4,clang,none,none,disabled,without_gil,Tests. Failed,build_193.sh,none
amd64,ubuntu,3.13.0b4,clang,asan,shared,enabled,debug,Tests. Aborted,build_194.sh,none
amd64,ubuntu,3.13.0b4,clang,asan,shared,enabled,default,Tests. Failed,build_195.sh,none
amd64,ubuntu,3.13.0b4,clang,asan,shared,enabled,release,Tests. Failed,build_196.sh,none
amd64,ubuntu,3.13.0b4,clang,asan,shared,enabled,without_gil,Tests. Failed,build_197.sh,none
amd64,ubuntu,3.13.0b4,clang,asan,shared,disabled,debug,Configure. Failed,build_198.sh,none
amd64,ubuntu,3.13.0b4,clang,asan,shared,disabled,default,Configure. Failed,build_199.sh,none
amd64,ubuntu,3.13.0b4,clang,asan,shared,disabled,release,Configure. Failed,build_200.sh,none
amd64,ubuntu,3.13.0b4,clang,asan,shared,disabled,without_gil,Configure. Failed,build_201.sh,none
amd64,ubuntu,3.13.0b4,clang,asan,static,enabled,debug,Configure. Failed,build_202.sh,none
amd64,ubuntu,3.13.0b4,clang,asan,static,enabled,default,Configure. Failed,build_203.sh,none
amd64,ubuntu,3.13.0b4,clang,asan,static,enabled,release,Configure. Failed,build_204.sh,none
amd64,ubuntu,3.13.0b4,clang,asan,static,enabled,without_gil,Configure. Failed,build_205.sh,none
amd64,ubuntu,3.13.0b4,clang,asan,static,disabled,debug,Tests. Aborted,build_206.sh,none
amd64,ubuntu,3.13.0b4,clang,asan,static,disabled,default,Tests. Failed,build_207.sh,none
amd64,ubuntu,3.13.0b4,clang,asan,static,disabled,release,Tests. Failed,build_208.sh,none
amd64,ubuntu,3.13.0b4,clang,asan,static,disabled,without_gil,Tests. Failed,build_209.sh,none
amd64,ubuntu,3.13.0b4,clang,tsan,shared,disabled,debug,Configure. Failed,build_210.sh,none
amd64,ubuntu,3.13.0b4,clang,tsan,shared,disabled,default,Configure. Failed,build_211.sh,none
amd64,ubuntu,3.13.0b4,clang,tsan,shared,disabled,release,Configure. Failed,build_212.sh,none
amd64,ubuntu,3.13.0b4,clang,tsan,shared,disabled,without_gil,Configure. Failed,build_213.sh,none
amd64,ubuntu,3.13.0b4,clang,tsan,static,disabled,debug,Tests. OOM,build_214.sh,none
amd64,ubuntu,3.13.0b4,clang,tsan,static,disabled,default,Tests. OOM,build_215.sh,none
amd64,ubuntu,3.13.0b4,clang,tsan,static,disabled,release,Tests. OOM,build_216.sh,none
amd64,ubuntu,3.13.0b4,clang,tsan,static,disabled,without_gil,Tests. Timeout,build_217.sh,none
amd64,ubuntu,3.13.0b4,clang_sh_19,none,none,disabled,debug,Tests. Aborted,build_218.sh,none
amd64,ubuntu,3.13.0b4,clang_sh_19,none,none,disabled,default,Tests. Failed,build_219.sh,none
amd64,ubuntu,3.13.0b4,clang_sh_19,none,none,disabled,release,Configure. Failed,build_220.sh,none
amd64,ubuntu,3.13.0b4,clang_sh_19,none,none,disabled,without_gil,Tests. Failed,build_221.sh,none
amd64,ubuntu,3.13.0b4,clang_sh_19,asan,shared,enabled,debug,Tests. Aborted,build_222.sh,none
amd64,ubuntu,3.13.0b4,clang_sh_19,asan,shared,enabled,default,Tests. Failed,build_223.sh,none
amd64,ubuntu,3.13.0b4,clang_sh_19,asan,shared,enabled,release,Configure. Failed,build_224.sh,none
amd64,ubuntu,3.13.0b4,clang_sh_19,asan,shared,enabled,without_gil,Tests. Failed,build_225.sh,none
amd64,ubuntu,3.13.0b4,clang_sh_19,asan,shared,disabled,debug,Configure. Failed,build_226.sh,none
amd64,ubuntu,3.13.0b4,clang_sh_19,asan,shared,disabled,default,Configure. Failed,build_227.sh,none
amd64,ubuntu,3.13.0b4,clang_sh_19,asan,shared,disabled,release,Configure. Failed,build_228.sh,none
amd64,ubuntu,3.13.0b4,clang_sh_19,asan,shared,disabled,without_gil,Configure. Failed,build_229.sh,none
amd64,ubuntu,3.13.0b4,clang_sh_19,asan,static,enabled,debug,Configure. Failed,build_230.sh,none
amd64,ubuntu,3.13.0b4,clang_sh_19,asan,static,enabled,default,Configure. Failed,build_231.sh,none
amd64,ubuntu,3.13.0b4,clang_sh_19,asan,static,enabled,release,Configure. Failed,build_232.sh,none
amd64,ubuntu,3.13.0b4,clang_sh_19,asan,static,enabled,without_gil,Configure. Failed,build_233.sh,none
amd64,ubuntu,3.13.0b4,clang_sh_19,asan,static,disabled,debug,Tests. Aborted,build_234.sh,none
amd64,ubuntu,3.13.0b4,clang_sh_19,asan,static,disabled,default,Tests. Failed,build_235.sh,none
amd64,ubuntu,3.13.0b4,clang_sh_19,asan,static,disabled,release,Configure. Failed,build_236.sh,none
amd64,ubuntu,3.13.0b4,clang_sh_19,asan,static,disabled,without_gil,Tests. Failed,build_237.sh,none
amd64,ubuntu,3.13.0b4,clang_sh_19,tsan,shared,disabled,debug,Configure. Failed,build_238.sh,none
amd64,ubuntu,3.13.0b4,clang_sh_19,tsan,shared,disabled,default,Configure. Failed,build_239.sh,none
amd64,ubuntu,3.13.0b4,clang_sh_19,tsan,shared,disabled,release,Configure. Failed,build_240.sh,none
amd64,ubuntu,3.13.0b4,clang_sh_19,tsan,shared,disabled,without_gil,Configure. Failed,build_241.sh,none
amd64,ubuntu,3.13.0b4,clang_sh_19,tsan,static,disabled,debug,Tests. OOM,build_242.sh,none
amd64,ubuntu,3.13.0b4,clang_sh_19,tsan,static,disabled,default,Tests. OOM,build_243.sh,none
amd64,ubuntu,3.13.0b4,clang_sh_19,tsan,static,disabled,release,Configure. Failed,build_244.sh,none
amd64,ubuntu,3.13.0b4,clang_sh_19,tsan,static,disabled,without_gil,Tests. Timeout,build_245.sh,none
