Platform,BaseImage,Compiler,CompilerOption,SanLinksMethod,ClangHWasanAdditionalOption,LDPreloadMode,PythonVersion,BuildOption,script_name,Result
arm64,fedora,gcc,hwasan,shared,none,enabled,3.12.4,debug,build_001.sh,Configure. Segmentation fault
arm64,fedora,gcc,hwasan,shared,none,enabled,3.12.4,default,build_002.sh,Configure. Segmentation fault
arm64,fedora,gcc,hwasan,shared,none,enabled,3.12.4,release,build_003.sh,Configure. Segmentation fault
arm64,fedora,gcc,hwasan,shared,none,disabled,3.12.4,debug,build_004.sh,Tests. Failed
arm64,fedora,gcc,hwasan,shared,none,disabled,3.12.4,default,build_005.sh,Tests. Segmentation fault
arm64,fedora,gcc,hwasan,shared,none,disabled,3.12.4,release,build_006.sh,Tests. Segmentation fault
arm64,fedora,gcc,hwasan,static,none,enabled,3.12.4,debug,build_007.sh,Configure. Segmentation fault
arm64,fedora,gcc,hwasan,static,none,enabled,3.12.4,default,build_008.sh,Configure. Segmentation fault
arm64,fedora,gcc,hwasan,static,none,enabled,3.12.4,release,build_009.sh,Configure. Segmentation fault
arm64,fedora,gcc,hwasan,static,none,disabled,3.12.4,debug,build_010.sh,Configure. Failed
arm64,fedora,gcc,hwasan,static,none,disabled,3.12.4,default,build_011.sh,Configure. Failed
arm64,fedora,gcc,hwasan,static,none,disabled,3.12.4,release,build_012.sh,Configure. Failed
arm64,fedora,clang,hwasan,shared,none,enabled,3.12.4,debug,build_013.sh,Compilation. Failed
arm64,fedora,clang,hwasan,shared,-mllvm -hwasan-globals=0,enabled,3.12.4,debug,build_014.sh,Compilation. Failed
arm64,fedora,clang,hwasan,shared,none,enabled,3.12.4,default,build_015.sh,Compilation. Failed
arm64,fedora,clang,hwasan,shared,-mllvm -hwasan-globals=0,enabled,3.12.4,default,build_016.sh,Tests. Failed
arm64,fedora,clang,hwasan,shared,none,enabled,3.12.4,release,build_017.sh,Compilation. Failed
arm64,fedora,clang,hwasan,shared,-mllvm -hwasan-globals=0,enabled,3.12.4,release,build_018.sh,Tests. Segmentation fault
arm64,fedora,clang,hwasan,shared,none,disabled,3.12.4,debug,build_019.sh,Configure. Failed
arm64,fedora,clang,hwasan,shared,-mllvm -hwasan-globals=0,disabled,3.12.4,debug,build_020.sh,Configure. Failed
arm64,fedora,clang,hwasan,shared,none,disabled,3.12.4,default,build_021.sh,Configure. Failed
arm64,fedora,clang,hwasan,shared,-mllvm -hwasan-globals=0,disabled,3.12.4,default,build_022.sh,Configure. Failed
arm64,fedora,clang,hwasan,shared,none,disabled,3.12.4,release,build_023.sh,Configure. Failed
arm64,fedora,clang,hwasan,shared,-mllvm -hwasan-globals=0,disabled,3.12.4,release,build_024.sh,Configure. Failed
arm64,fedora,clang,hwasan,static,none,enabled,3.12.4,debug,build_025.sh,Configure. Timeout
arm64,fedora,clang,hwasan,static,-mllvm -hwasan-globals=0,enabled,3.12.4,debug,build_026.sh,Configure. Timeout
arm64,fedora,clang,hwasan,static,none,enabled,3.12.4,default,build_027.sh,Configure. Timeout
arm64,fedora,clang,hwasan,static,-mllvm -hwasan-globals=0,enabled,3.12.4,default,build_028.sh,Configure. Timeout
arm64,fedora,clang,hwasan,static,none,enabled,3.12.4,release,build_029.sh,Configure. Timeout
arm64,fedora,clang,hwasan,static,-mllvm -hwasan-globals=0,enabled,3.12.4,release,build_030.sh,Configure. Timeout
arm64,fedora,clang,hwasan,static,none,disabled,3.12.4,debug,build_031.sh,Compilation. Failed
arm64,fedora,clang,hwasan,static,-mllvm -hwasan-globals=0,disabled,3.12.4,debug,build_032.sh,Tests. Failed
arm64,fedora,clang,hwasan,static,none,disabled,3.12.4,default,build_033.sh,Compilation. Failed
arm64,fedora,clang,hwasan,static,-mllvm -hwasan-globals=0,disabled,3.12.4,default,build_034.sh,Tests. Failed
arm64,fedora,clang,hwasan,static,none,disabled,3.12.4,release,build_035.sh,Compilation. Failed
arm64,fedora,clang,hwasan,static,-mllvm -hwasan-globals=0,disabled,3.12.4,release,build_036.sh,Tests. Segmentation fault
arm64,fedora,gcc,hwasan,shared,none,enabled,3.13.0b4,debug,build_037.sh,Configure. Segmentation fault
arm64,fedora,gcc,hwasan,shared,none,enabled,3.13.0b4,default,build_038.sh,Configure. Segmentation fault
arm64,fedora,gcc,hwasan,shared,none,enabled,3.13.0b4,release,build_039.sh,Configure. Segmentation fault
arm64,fedora,gcc,hwasan,shared,none,enabled,3.13.0b4,without_git,build_040.sh,Configure. Segmentation fault
arm64,fedora,gcc,hwasan,shared,none,disabled,3.13.0b4,debug,build_041.sh,Tests. Aborted
arm64,fedora,gcc,hwasan,shared,none,disabled,3.13.0b4,default,build_042.sh,Tests. Segmentation fault
arm64,fedora,gcc,hwasan,shared,none,disabled,3.13.0b4,release,build_043.sh,Tests. Segmentation fault
arm64,fedora,gcc,hwasan,shared,none,disabled,3.13.0b4,without_git,build_044.sh,Tests. Segmentation fault
arm64,fedora,gcc,hwasan,static,none,enabled,3.13.0b4,debug,build_045.sh,Configure. Segmentation fault
arm64,fedora,gcc,hwasan,static,none,enabled,3.13.0b4,default,build_046.sh,Configure. Segmentation fault
arm64,fedora,gcc,hwasan,static,none,enabled,3.13.0b4,release,build_047.sh,Configure. Segmentation fault
arm64,fedora,gcc,hwasan,static,none,enabled,3.13.0b4,without_git,build_048.sh,Configure. Segmentation fault
arm64,fedora,gcc,hwasan,static,none,disabled,3.13.0b4,debug,build_049.sh,Configure. Failed
arm64,fedora,gcc,hwasan,static,none,disabled,3.13.0b4,default,build_050.sh,Configure. Failed
arm64,fedora,gcc,hwasan,static,none,disabled,3.13.0b4,release,build_051.sh,Configure. Failed
arm64,fedora,gcc,hwasan,static,none,disabled,3.13.0b4,without_git,build_052.sh,Configure. Failed
arm64,fedora,clang,hwasan,shared,none,enabled,3.13.0b4,debug,build_053.sh,Compilation. Failed
arm64,fedora,clang,hwasan,shared,-mllvm -hwasan-globals=0,enabled,3.13.0b4,debug,build_054.sh,Tests. Aborted
arm64,fedora,clang,hwasan,shared,none,enabled,3.13.0b4,default,build_055.sh,Compilation. Failed
arm64,fedora,clang,hwasan,shared,-mllvm -hwasan-globals=0,enabled,3.13.0b4,default,build_056.sh,Tests. Failed
arm64,fedora,clang,hwasan,shared,none,enabled,3.13.0b4,release,build_057.sh,Compilation. Failed
arm64,fedora,clang,hwasan,shared,-mllvm -hwasan-globals=0,enabled,3.13.0b4,release,build_058.sh,Tests. Segmentation fault
arm64,fedora,clang,hwasan,shared,none,enabled,3.13.0b4,without_git,build_059.sh,Compilation. Failed
arm64,fedora,clang,hwasan,shared,-mllvm -hwasan-globals=0,enabled,3.13.0b4,without_git,build_060.sh,Tests. Failed
arm64,fedora,clang,hwasan,shared,none,disabled,3.13.0b4,debug,build_061.sh,Configure. Failed
arm64,fedora,clang,hwasan,shared,-mllvm -hwasan-globals=0,disabled,3.13.0b4,debug,build_062.sh,Configure. Failed
arm64,fedora,clang,hwasan,shared,none,disabled,3.13.0b4,default,build_063.sh,Configure. Failed
arm64,fedora,clang,hwasan,shared,-mllvm -hwasan-globals=0,disabled,3.13.0b4,default,build_064.sh,Configure. Failed
arm64,fedora,clang,hwasan,shared,none,disabled,3.13.0b4,release,build_065.sh,Configure. Failed
arm64,fedora,clang,hwasan,shared,-mllvm -hwasan-globals=0,disabled,3.13.0b4,release,build_066.sh,Configure. Failed
arm64,fedora,clang,hwasan,shared,none,disabled,3.13.0b4,without_git,build_067.sh,Configure. Failed
arm64,fedora,clang,hwasan,shared,-mllvm -hwasan-globals=0,disabled,3.13.0b4,without_git,build_068.sh,Configure. Failed
arm64,fedora,clang,hwasan,static,none,enabled,3.13.0b4,debug,build_069.sh,Configure. Timeout
arm64,fedora,clang,hwasan,static,-mllvm -hwasan-globals=0,enabled,3.13.0b4,debug,build_070.sh,Configure. Timeout
arm64,fedora,clang,hwasan,static,none,enabled,3.13.0b4,default,build_071.sh,Configure. Timeout
arm64,fedora,clang,hwasan,static,-mllvm -hwasan-globals=0,enabled,3.13.0b4,default,build_072.sh,Configure. Timeout
arm64,fedora,clang,hwasan,static,none,enabled,3.13.0b4,release,build_073.sh,Configure. Timeout
arm64,fedora,clang,hwasan,static,-mllvm -hwasan-globals=0,enabled,3.13.0b4,release,build_074.sh,Configure. Timeout
arm64,fedora,clang,hwasan,static,none,enabled,3.13.0b4,without_git,build_075.sh,Configure. Timeout
arm64,fedora,clang,hwasan,static,-mllvm -hwasan-globals=0,enabled,3.13.0b4,without_git,build_076.sh,Configure. Timeout
arm64,fedora,clang,hwasan,static,none,disabled,3.13.0b4,debug,build_077.sh,Compilation. Failed
arm64,fedora,clang,hwasan,static,-mllvm -hwasan-globals=0,disabled,3.13.0b4,debug,build_078.sh,Tests. Aborted
arm64,fedora,clang,hwasan,static,none,disabled,3.13.0b4,default,build_079.sh,Compilation. Failed
arm64,fedora,clang,hwasan,static,-mllvm -hwasan-globals=0,disabled,3.13.0b4,default,build_080.sh,Tests. Failed
arm64,fedora,clang,hwasan,static,none,disabled,3.13.0b4,release,build_081.sh,Compilation. Failed
arm64,fedora,clang,hwasan,static,-mllvm -hwasan-globals=0,disabled,3.13.0b4,release,build_082.sh,Tests. Segmentation fault
arm64,fedora,clang,hwasan,static,none,disabled,3.13.0b4,without_git,build_083.sh,Compilation. Failed
arm64,fedora,clang,hwasan,static,-mllvm -hwasan-globals=0,disabled,3.13.0b4,without_git,build_084.sh,Tests. Failed
arm64,ubuntu,gcc,hwasan,shared,none,enabled,3.12.4,debug,build_085.sh,Configure. Segmentation fault
arm64,ubuntu,gcc,hwasan,shared,none,enabled,3.12.4,default,build_086.sh,Configure. Segmentation fault
arm64,ubuntu,gcc,hwasan,shared,none,enabled,3.12.4,release,build_087.sh,Configure. Segmentation fault
arm64,ubuntu,gcc,hwasan,shared,none,disabled,3.12.4,debug,build_088.sh,Tests. Failed
arm64,ubuntu,gcc,hwasan,shared,none,disabled,3.12.4,default,build_089.sh,Tests. Segmentation fault
arm64,ubuntu,gcc,hwasan,shared,none,disabled,3.12.4,release,build_090.sh,Tests. Segmentation fault
arm64,ubuntu,gcc,hwasan,static,none,enabled,3.12.4,debug,build_091.sh,Configure. Segmentation fault
arm64,ubuntu,gcc,hwasan,static,none,enabled,3.12.4,default,build_092.sh,Configure. Segmentation fault
arm64,ubuntu,gcc,hwasan,static,none,enabled,3.12.4,release,build_093.sh,Configure. Segmentation fault
arm64,ubuntu,gcc,hwasan,static,none,disabled,3.12.4,debug,build_094.sh,Tests. Timeout
arm64,ubuntu,gcc,hwasan,static,none,disabled,3.12.4,default,build_095.sh,Tests. Timeout
arm64,ubuntu,gcc,hwasan,static,none,disabled,3.12.4,release,build_096.sh,Tests. Timeout
arm64,ubuntu,clang,hwasan,shared,none,enabled,3.12.4,debug,build_097.sh,Compilation. Failed
arm64,ubuntu,clang,hwasan,shared,-mllvm -hwasan-globals=0,enabled,3.12.4,debug,build_098.sh,Tests. Failed
arm64,ubuntu,clang,hwasan,shared,none,enabled,3.12.4,default,build_099.sh,Compilation. Failed
arm64,ubuntu,clang,hwasan,shared,-mllvm -hwasan-globals=0,enabled,3.12.4,default,build_100.sh,Tests. Failed
arm64,ubuntu,clang,hwasan,shared,none,enabled,3.12.4,release,build_101.sh,Compilation. Failed
arm64,ubuntu,clang,hwasan,shared,-mllvm -hwasan-globals=0,enabled,3.12.4,release,build_102.sh,Tests. Segmentation fault
arm64,ubuntu,clang,hwasan,shared,none,disabled,3.12.4,debug,build_103.sh,Configure. Failed
arm64,ubuntu,clang,hwasan,shared,-mllvm -hwasan-globals=0,disabled,3.12.4,debug,build_104.sh,Configure. Failed
arm64,ubuntu,clang,hwasan,shared,none,disabled,3.12.4,default,build_105.sh,Configure. Failed
arm64,ubuntu,clang,hwasan,shared,-mllvm -hwasan-globals=0,disabled,3.12.4,default,build_106.sh,Configure. Failed
arm64,ubuntu,clang,hwasan,shared,none,disabled,3.12.4,release,build_107.sh,Configure. Failed
arm64,ubuntu,clang,hwasan,shared,-mllvm -hwasan-globals=0,disabled,3.12.4,release,build_108.sh,Configure. Failed
arm64,ubuntu,clang,hwasan,static,none,enabled,3.12.4,debug,build_109.sh,Compilation. Segmentation fault
arm64,ubuntu,clang,hwasan,static,-mllvm -hwasan-globals=0,enabled,3.12.4,debug,build_110.sh,Compilation. Segmentation fault
arm64,ubuntu,clang,hwasan,static,none,enabled,3.12.4,default,build_111.sh,Compilation. Segmentation fault
arm64,ubuntu,clang,hwasan,static,-mllvm -hwasan-globals=0,enabled,3.12.4,default,build_112.sh,Compilation. Segmentation fault
arm64,ubuntu,clang,hwasan,static,none,enabled,3.12.4,release,build_113.sh,Compilation. Segmentation fault
arm64,ubuntu,clang,hwasan,static,-mllvm -hwasan-globals=0,enabled,3.12.4,release,build_114.sh,Compilation. Segmentation fault
arm64,ubuntu,clang,hwasan,static,none,disabled,3.12.4,debug,build_115.sh,Compilation. Failed
arm64,ubuntu,clang,hwasan,static,-mllvm -hwasan-globals=0,disabled,3.12.4,debug,build_116.sh,Tests. Failed
arm64,ubuntu,clang,hwasan,static,none,disabled,3.12.4,default,build_117.sh,Compilation. Failed
arm64,ubuntu,clang,hwasan,static,-mllvm -hwasan-globals=0,disabled,3.12.4,default,build_118.sh,Tests. Failed
arm64,ubuntu,clang,hwasan,static,none,disabled,3.12.4,release,build_119.sh,Compilation. Failed
arm64,ubuntu,clang,hwasan,static,-mllvm -hwasan-globals=0,disabled,3.12.4,release,build_120.sh,Tests. Segmentation fault
arm64,ubuntu,clang_sh_19,hwasan,shared,none,enabled,3.12.4,debug,build_121.sh,Compilation. Failed
arm64,ubuntu,clang_sh_19,hwasan,shared,-mllvm -hwasan-globals=0,enabled,3.12.4,debug,build_122.sh,Tests. Failed
arm64,ubuntu,clang_sh_19,hwasan,shared,none,enabled,3.12.4,default,build_123.sh,Compilation. Failed
arm64,ubuntu,clang_sh_19,hwasan,shared,-mllvm -hwasan-globals=0,enabled,3.12.4,default,build_124.sh,Tests. Failed
arm64,ubuntu,clang_sh_19,hwasan,shared,none,enabled,3.12.4,release,build_125.sh,Configure. Failed
arm64,ubuntu,clang_sh_19,hwasan,shared,-mllvm -hwasan-globals=0,enabled,3.12.4,release,build_126.sh,Configure. Failed
arm64,ubuntu,clang_sh_19,hwasan,shared,none,disabled,3.12.4,debug,build_127.sh,Configure. Failed
arm64,ubuntu,clang_sh_19,hwasan,shared,-mllvm -hwasan-globals=0,disabled,3.12.4,debug,build_128.sh,Configure. Failed
arm64,ubuntu,clang_sh_19,hwasan,shared,none,disabled,3.12.4,default,build_129.sh,Configure. Failed
arm64,ubuntu,clang_sh_19,hwasan,shared,-mllvm -hwasan-globals=0,disabled,3.12.4,default,build_130.sh,Configure. Failed
arm64,ubuntu,clang_sh_19,hwasan,shared,none,disabled,3.12.4,release,build_131.sh,Configure. Failed
arm64,ubuntu,clang_sh_19,hwasan,shared,-mllvm -hwasan-globals=0,disabled,3.12.4,release,build_132.sh,Configure. Failed
arm64,ubuntu,clang_sh_19,hwasan,static,none,enabled,3.12.4,debug,build_133.sh,Compilation. Segmentation fault
arm64,ubuntu,clang_sh_19,hwasan,static,-mllvm -hwasan-globals=0,enabled,3.12.4,debug,build_134.sh,Compilation. Segmentation fault
arm64,ubuntu,clang_sh_19,hwasan,static,none,enabled,3.12.4,default,build_135.sh,Compilation. Segmentation fault
arm64,ubuntu,clang_sh_19,hwasan,static,-mllvm -hwasan-globals=0,enabled,3.12.4,default,build_136.sh,Compilation. Segmentation fault
arm64,ubuntu,clang_sh_19,hwasan,static,none,enabled,3.12.4,release,build_137.sh,Configure. Failed
arm64,ubuntu,clang_sh_19,hwasan,static,-mllvm -hwasan-globals=0,enabled,3.12.4,release,build_138.sh,Configure. Failed
arm64,ubuntu,clang_sh_19,hwasan,static,none,disabled,3.12.4,debug,build_139.sh,Compilation. Failed
arm64,ubuntu,clang_sh_19,hwasan,static,-mllvm -hwasan-globals=0,disabled,3.12.4,debug,build_140.sh,Tests. Failed
arm64,ubuntu,clang_sh_19,hwasan,static,none,disabled,3.12.4,default,build_141.sh,Compilation. Failed
arm64,ubuntu,clang_sh_19,hwasan,static,-mllvm -hwasan-globals=0,disabled,3.12.4,default,build_142.sh,Tests. Failed
arm64,ubuntu,clang_sh_19,hwasan,static,none,disabled,3.12.4,release,build_143.sh,Configure. Failed
arm64,ubuntu,clang_sh_19,hwasan,static,-mllvm -hwasan-globals=0,disabled,3.12.4,release,build_144.sh,Configure. Failed
arm64,ubuntu,gcc,hwasan,shared,none,enabled,3.13.0b4,debug,build_145.sh,Configure. Segmentation fault
arm64,ubuntu,gcc,hwasan,shared,none,enabled,3.13.0b4,default,build_146.sh,Configure. Segmentation fault
arm64,ubuntu,gcc,hwasan,shared,none,enabled,3.13.0b4,release,build_147.sh,Configure. Segmentation fault
arm64,ubuntu,gcc,hwasan,shared,none,enabled,3.13.0b4,without_git,build_148.sh,Configure. Segmentation fault
arm64,ubuntu,gcc,hwasan,shared,none,disabled,3.13.0b4,debug,build_149.sh,Tests. Aborted
arm64,ubuntu,gcc,hwasan,shared,none,disabled,3.13.0b4,default,build_150.sh,Tests. Segmentation fault
arm64,ubuntu,gcc,hwasan,shared,none,disabled,3.13.0b4,release,build_151.sh,Tests. Aborted
arm64,ubuntu,gcc,hwasan,shared,none,disabled,3.13.0b4,without_git,build_152.sh,Tests. Segmentation fault
arm64,ubuntu,gcc,hwasan,static,none,enabled,3.13.0b4,debug,build_153.sh,Configure. Segmentation fault
arm64,ubuntu,gcc,hwasan,static,none,enabled,3.13.0b4,default,build_154.sh,Configure. Segmentation fault
arm64,ubuntu,gcc,hwasan,static,none,enabled,3.13.0b4,release,build_155.sh,Configure. Segmentation fault
arm64,ubuntu,gcc,hwasan,static,none,enabled,3.13.0b4,without_git,build_156.sh,Configure. Segmentation fault
arm64,ubuntu,gcc,hwasan,static,none,disabled,3.13.0b4,debug,build_157.sh,Tests. Timeout
arm64,ubuntu,gcc,hwasan,static,none,disabled,3.13.0b4,default,build_158.sh,Tests. Timeout
arm64,ubuntu,gcc,hwasan,static,none,disabled,3.13.0b4,release,build_159.sh,Tests. Timeout
arm64,ubuntu,gcc,hwasan,static,none,disabled,3.13.0b4,without_git,build_160.sh,Tests. Segmentation fault
arm64,ubuntu,clang,hwasan,shared,none,enabled,3.13.0b4,debug,build_161.sh,Compilation. Failed
arm64,ubuntu,clang,hwasan,shared,-mllvm -hwasan-globals=0,enabled,3.13.0b4,debug,build_162.sh,Tests. Aborted
arm64,ubuntu,clang,hwasan,shared,none,enabled,3.13.0b4,default,build_163.sh,Compilation. Failed
arm64,ubuntu,clang,hwasan,shared,-mllvm -hwasan-globals=0,enabled,3.13.0b4,default,build_164.sh,Tests. Failed
arm64,ubuntu,clang,hwasan,shared,none,enabled,3.13.0b4,release,build_165.sh,Compilation. Failed
arm64,ubuntu,clang,hwasan,shared,-mllvm -hwasan-globals=0,enabled,3.13.0b4,release,build_166.sh,Tests. Segmentation fault
arm64,ubuntu,clang,hwasan,shared,none,enabled,3.13.0b4,without_git,build_167.sh,Compilation. Failed
arm64,ubuntu,clang,hwasan,shared,-mllvm -hwasan-globals=0,enabled,3.13.0b4,without_git,build_168.sh,Tests. Failed
arm64,ubuntu,clang,hwasan,shared,none,disabled,3.13.0b4,debug,build_169.sh,Configure. Failed
arm64,ubuntu,clang,hwasan,shared,-mllvm -hwasan-globals=0,disabled,3.13.0b4,debug,build_170.sh,Configure. Failed
arm64,ubuntu,clang,hwasan,shared,none,disabled,3.13.0b4,default,build_171.sh,Configure. Failed
arm64,ubuntu,clang,hwasan,shared,-mllvm -hwasan-globals=0,disabled,3.13.0b4,default,build_172.sh,Configure. Failed
arm64,ubuntu,clang,hwasan,shared,none,disabled,3.13.0b4,release,build_173.sh,Configure. Failed
arm64,ubuntu,clang,hwasan,shared,-mllvm -hwasan-globals=0,disabled,3.13.0b4,release,build_174.sh,Configure. Failed
arm64,ubuntu,clang,hwasan,shared,none,disabled,3.13.0b4,without_git,build_175.sh,Configure. Failed
arm64,ubuntu,clang,hwasan,shared,-mllvm -hwasan-globals=0,disabled,3.13.0b4,without_git,build_176.sh,Configure. Failed
arm64,ubuntu,clang,hwasan,static,none,enabled,3.13.0b4,debug,build_177.sh,Compilation. Segmentation fault
arm64,ubuntu,clang,hwasan,static,-mllvm -hwasan-globals=0,enabled,3.13.0b4,debug,build_178.sh,Compilation. Segmentation fault
arm64,ubuntu,clang,hwasan,static,none,enabled,3.13.0b4,default,build_179.sh,Compilation. Segmentation fault
arm64,ubuntu,clang,hwasan,static,-mllvm -hwasan-globals=0,enabled,3.13.0b4,default,build_180.sh,Compilation. Segmentation fault
arm64,ubuntu,clang,hwasan,static,none,enabled,3.13.0b4,release,build_181.sh,Compilation. Segmentation fault
arm64,ubuntu,clang,hwasan,static,-mllvm -hwasan-globals=0,enabled,3.13.0b4,release,build_182.sh,Compilation. Segmentation fault
arm64,ubuntu,clang,hwasan,static,none,enabled,3.13.0b4,without_git,build_183.sh,Compilation. Segmentation fault
arm64,ubuntu,clang,hwasan,static,-mllvm -hwasan-globals=0,enabled,3.13.0b4,without_git,build_184.sh,Compilation. Segmentation fault
arm64,ubuntu,clang,hwasan,static,none,disabled,3.13.0b4,debug,build_185.sh,Compilation. Failed
arm64,ubuntu,clang,hwasan,static,-mllvm -hwasan-globals=0,disabled,3.13.0b4,debug,build_186.sh,Tests. Aborted
arm64,ubuntu,clang,hwasan,static,none,disabled,3.13.0b4,default,build_187.sh,Compilation. Failed
arm64,ubuntu,clang,hwasan,static,-mllvm -hwasan-globals=0,disabled,3.13.0b4,default,build_188.sh,Tests. Failed
arm64,ubuntu,clang,hwasan,static,none,disabled,3.13.0b4,release,build_189.sh,Compilation. Failed
arm64,ubuntu,clang,hwasan,static,-mllvm -hwasan-globals=0,disabled,3.13.0b4,release,build_190.sh,Tests. Segmentation fault
arm64,ubuntu,clang,hwasan,static,none,disabled,3.13.0b4,without_git,build_191.sh,Compilation. Failed
arm64,ubuntu,clang,hwasan,static,-mllvm -hwasan-globals=0,disabled,3.13.0b4,without_git,build_192.sh,Tests. Failed
arm64,ubuntu,clang_sh_19,hwasan,shared,none,enabled,3.13.0b4,debug,build_193.sh,Compilation. Failed
arm64,ubuntu,clang_sh_19,hwasan,shared,-mllvm -hwasan-globals=0,enabled,3.13.0b4,debug,build_194.sh,Tests. Segmentation fault
arm64,ubuntu,clang_sh_19,hwasan,shared,none,enabled,3.13.0b4,default,build_195.sh,Compilation. Failed
arm64,ubuntu,clang_sh_19,hwasan,shared,-mllvm -hwasan-globals=0,enabled,3.13.0b4,default,build_196.sh,Tests. Failed
arm64,ubuntu,clang_sh_19,hwasan,shared,none,enabled,3.13.0b4,release,build_197.sh,Configure. Failed
arm64,ubuntu,clang_sh_19,hwasan,shared,-mllvm -hwasan-globals=0,enabled,3.13.0b4,release,build_198.sh,Configure. Failed
arm64,ubuntu,clang_sh_19,hwasan,shared,none,enabled,3.13.0b4,without_git,build_199.sh,Compilation. Failed
arm64,ubuntu,clang_sh_19,hwasan,shared,-mllvm -hwasan-globals=0,enabled,3.13.0b4,without_git,build_200.sh,Tests. Failed
arm64,ubuntu,clang_sh_19,hwasan,shared,none,disabled,3.13.0b4,debug,build_201.sh,Configure. Failed
arm64,ubuntu,clang_sh_19,hwasan,shared,-mllvm -hwasan-globals=0,disabled,3.13.0b4,debug,build_202.sh,Configure. Failed
arm64,ubuntu,clang_sh_19,hwasan,shared,none,disabled,3.13.0b4,default,build_203.sh,Configure. Failed
arm64,ubuntu,clang_sh_19,hwasan,shared,-mllvm -hwasan-globals=0,disabled,3.13.0b4,default,build_204.sh,Configure. Failed
arm64,ubuntu,clang_sh_19,hwasan,shared,none,disabled,3.13.0b4,release,build_205.sh,Configure. Failed
arm64,ubuntu,clang_sh_19,hwasan,shared,-mllvm -hwasan-globals=0,disabled,3.13.0b4,release,build_206.sh,Configure. Failed
arm64,ubuntu,clang_sh_19,hwasan,shared,none,disabled,3.13.0b4,without_git,build_207.sh,Configure. Failed
arm64,ubuntu,clang_sh_19,hwasan,shared,-mllvm -hwasan-globals=0,disabled,3.13.0b4,without_git,build_208.sh,Configure. Failed
arm64,ubuntu,clang_sh_19,hwasan,static,none,enabled,3.13.0b4,debug,build_209.sh,Compilation. Segmentation fault
arm64,ubuntu,clang_sh_19,hwasan,static,-mllvm -hwasan-globals=0,enabled,3.13.0b4,debug,build_210.sh,Compilation. Segmentation fault
arm64,ubuntu,clang_sh_19,hwasan,static,none,enabled,3.13.0b4,default,build_211.sh,Compilation. Segmentation fault
arm64,ubuntu,clang_sh_19,hwasan,static,-mllvm -hwasan-globals=0,enabled,3.13.0b4,default,build_212.sh,Compilation. Segmentation fault
arm64,ubuntu,clang_sh_19,hwasan,static,none,enabled,3.13.0b4,release,build_213.sh,Configure. Failed
arm64,ubuntu,clang_sh_19,hwasan,static,-mllvm -hwasan-globals=0,enabled,3.13.0b4,release,build_214.sh,Configure. Failed
arm64,ubuntu,clang_sh_19,hwasan,static,none,enabled,3.13.0b4,without_git,build_215.sh,Compilation. Segmentation fault
arm64,ubuntu,clang_sh_19,hwasan,static,-mllvm -hwasan-globals=0,enabled,3.13.0b4,without_git,build_216.sh,Compilation. Segmentation fault
arm64,ubuntu,clang_sh_19,hwasan,static,none,disabled,3.13.0b4,debug,build_217.sh,Compilation. Failed
arm64,ubuntu,clang_sh_19,hwasan,static,-mllvm -hwasan-globals=0,disabled,3.13.0b4,debug,build_218.sh,Tests. Aborted
arm64,ubuntu,clang_sh_19,hwasan,static,none,disabled,3.13.0b4,default,build_219.sh,Compilation. Failed
arm64,ubuntu,clang_sh_19,hwasan,static,-mllvm -hwasan-globals=0,disabled,3.13.0b4,default,build_220.sh,Tests. Failed
arm64,ubuntu,clang_sh_19,hwasan,static,none,disabled,3.13.0b4,release,build_221.sh,Configure. Failed
arm64,ubuntu,clang_sh_19,hwasan,static,-mllvm -hwasan-globals=0,disabled,3.13.0b4,release,build_222.sh,Configure. Failed
arm64,ubuntu,clang_sh_19,hwasan,static,none,disabled,3.13.0b4,without_git,build_223.sh,Compilation. Failed
arm64,ubuntu,clang_sh_19,hwasan,static,-mllvm -hwasan-globals=0,disabled,3.13.0b4,without_git,build_224.sh,Tests. Failed
