script_name,Platform,BaseImage,PythonVersion,Compiler,CompilerOption,SanLinksMethod,LDPreloadMode,BuildOption,ClangHWasanAdditionalOption
build_001.sh,amd64,fedora,3.12.4,gcc,analyzer,none,disabled,debug,none
build_002.sh,amd64,fedora,3.12.4,gcc,analyzer,none,disabled,default,none
build_003.sh,amd64,fedora,3.12.4,gcc,analyzer,none,disabled,release,none
build_004.sh,amd64,fedora,3.13.0b4,gcc,analyzer,none,disabled,debug,none
build_005.sh,amd64,fedora,3.13.0b4,gcc,analyzer,none,disabled,default,none
build_006.sh,amd64,fedora,3.13.0b4,gcc,analyzer,none,disabled,release,none
build_007.sh,amd64,fedora,3.13.0b4,gcc,analyzer,none,disabled,without_git,none
build_008.sh,amd64,ubuntu,3.12.4,gcc,analyzer,none,disabled,debug,none
build_009.sh,amd64,ubuntu,3.12.4,gcc,analyzer,none,disabled,default,none
build_010.sh,amd64,ubuntu,3.12.4,gcc,analyzer,none,disabled,release,none
build_011.sh,amd64,ubuntu,3.13.0b4,gcc,analyzer,none,disabled,debug,none
build_012.sh,amd64,ubuntu,3.13.0b4,gcc,analyzer,none,disabled,default,none
build_013.sh,amd64,ubuntu,3.13.0b4,gcc,analyzer,none,disabled,release,none
build_014.sh,amd64,ubuntu,3.13.0b4,gcc,analyzer,none,disabled,without_git,none
